Gemeindekennziffer alt;Gemeinde alt;Gemeindekennziffer neu;Gemeinde neu;in Kraft seit;Änderungsgrund
32401;Ebergassing;30729;Ebergassing;01.01.2017;Bezirkszusammenlegung
32402;Fischamend;30730;Fischamend;01.01.2017;Bezirkszusammenlegung
32403;Gablitz;31949;Gablitz;01.01.2017;Bezirkszusammenlegung
32404;Gerasdorf bei Wien;31235;Gerasdorf bei Wien;01.01.2017;Bezirkszusammenlegung
32405;Gramatneusiedl;30731;Gramatneusiedl;01.01.2017;Bezirkszusammenlegung
32406;Himberg;30732;Himberg;01.01.2017;Bezirkszusammenlegung
32407;Klein-Neusiedl;30733;Klein-Neusiedl;01.01.2017;Bezirkszusammenlegung
32408;Klosterneuburg;32144;Klosterneuburg;01.01.2017;Bezirkszusammenlegung
32409;Lanzendorf;30734;Lanzendorf;01.01.2017;Bezirkszusammenlegung
32410;Leopoldsdorf;30735;Leopoldsdorf;01.01.2017;Bezirkszusammenlegung
32411;Maria-Lanzendorf;30736;Maria-Lanzendorf;01.01.2017;Bezirkszusammenlegung
32412;Mauerbach;31950;Mauerbach;01.01.2017;Bezirkszusammenlegung
32413;Moosbrunn;30737;Moosbrunn;01.01.2017;Bezirkszusammenlegung
32415;Pressbaum;31951;Pressbaum;01.01.2017;Bezirkszusammenlegung
32416;Purkersdorf;31952;Purkersdorf;01.01.2017;Bezirkszusammenlegung
32417;Rauchenwarth;30738;Rauchenwarth;01.01.2017;Bezirkszusammenlegung
32418;Schwadorf;30739;Schwadorf;01.01.2017;Bezirkszusammenlegung
32419;Schwechat;30740;Schwechat;01.01.2017;Bezirkszusammenlegung
32421;Tullnerbach;31953;Tullnerbach;01.01.2017;Bezirkszusammenlegung
32423;Wolfsgraben;31954;Wolfsgraben;01.01.2017;Bezirkszusammenlegung
32424;Zwölfaxing;30741;Zwölfaxing;01.01.2017;Bezirkszusammenlegung
40803;Bruck-Waasen;40835;Peuerbach;01.01.2018;Zusammenlegung
40819;Peuerbach;40835;Peuerbach;01.01.2018;Zusammenlegung
41301;Afiesl;41346;St. Stefan-Afiesl;01.01.2019;Zusammenlegung
41302;Ahorn;41345;Helfenberg;01.01.2019;Zusammenlegung
41303;Aigen im Mühlkreis;41343;Aigen-Schlägl;01.05.2015;Zusammenlegung
41308;Berg bei Rohrbach;41344;Rohrbach-Berg;01.05.2015;Zusammenlegung
41310;Helfenberg;41345;Helfenberg;01.01.2019;Zusammenlegung
41330;Rohrbach in Oberösterreich;41344;Rohrbach-Berg;01.05.2015;Zusammenlegung
41335;St. Stefan am Walde;41346;St. Stefan-Afiesl;01.01.2019;Zusammenlegung
41339;Schlägl;41343;Aigen-Schlägl;01.05.2015;Zusammenlegung
41340;Schönegg;41628;Vorderweißenbach;01.01.2018;Zusammenlegung
41519;Weyer Land;41522;Weyer;01.01.2007;Zusammenlegung
41520;Weyer Markt;41522;Weyer;01.01.2007;Zusammenlegung
41625;Vorderweißenbach;41628;Vorderweißenbach;01.01.2018;Zusammenlegung
60201;Aflenz Kurort;62101;Aflenz Kurort;01.01.2013;Bezirkszusammenlegung
60202;Aflenz Land;62102;Aflenz Land;01.01.2013;Bezirkszusammenlegung
60203;Breitenau am Hochlantsch;62105;Breitenau am Hochlantsch;01.01.2013;Bezirkszusammenlegung
60204;Bruck an der Mur;62106;Bruck an der Mur;01.01.2013;Bezirkszusammenlegung
60205;Etmißl;62107;Etmißl;01.01.2013;Bezirkszusammenlegung
60206;Frauenberg;62108;Frauenberg;01.01.2013;Bezirkszusammenlegung
60207;Gußwerk;62110;Gußwerk;01.01.2013;Bezirkszusammenlegung
60208;Halltal;62111;Halltal;01.01.2013;Bezirkszusammenlegung
60209;Kapfenberg;62113;Kapfenberg;01.01.2013;Bezirkszusammenlegung
60210;Mariazell;62117;Mariazell;01.01.2013;Bezirkszusammenlegung
60211;Oberaich;62123;Oberaich;01.01.2013;Bezirkszusammenlegung
60212;Parschlug;62124;Parschlug;01.01.2013;Bezirkszusammenlegung
60213;Pernegg an der Mur;62125;Pernegg an der Mur;01.01.2013;Bezirkszusammenlegung
60214;Sankt Ilgen;62126;Sankt Ilgen;01.01.2013;Bezirkszusammenlegung
60215;Sankt Katharein an der Laming;62127;Sankt Katharein an der Laming;01.01.2013;Bezirkszusammenlegung
60216;Sankt Lorenzen im Mürztal;62128;Sankt Lorenzen im Mürztal;01.01.2013;Bezirkszusammenlegung
60217;Sankt Marein im Mürztal;62129;Sankt Marein im Mürztal;01.01.2013;Bezirkszusammenlegung
60218;Sankt Sebastian;62130;Sankt Sebastian;01.01.2013;Bezirkszusammenlegung
60219;Thörl;62133;Thörl;01.01.2013;Bezirkszusammenlegung
60220;Tragöß;62134;Tragöß;01.01.2013;Bezirkszusammenlegung
60221;Turnau;62135;Turnau;01.01.2013;Bezirkszusammenlegung
60301;Aibl;60345;Eibiswald;01.01.2015;Zusammenlegung
60302;Deutschlandsberg;60344;Deutschlandsberg;01.01.2015;Zusammenlegung
60303;Eibiswald;60345;Eibiswald;01.01.2015;Zusammenlegung
60306;Freiland bei Deutschlandsberg;60344;Deutschlandsberg;01.01.2015;Zusammenlegung
60307;Bad Gams;60344;Deutschlandsberg;01.01.2015;Zusammenlegung
60308;Garanas;60349;Schwanberg;01.01.2015;Zusammenlegung
60309;Georgsberg;60350;Stainz;01.01.2015;Zusammenlegung
60310;Greisdorf;60348;Sankt Stefan ob Stainz;01.01.2015;Zusammenlegung
60311;Gressenberg;60349;Schwanberg;01.01.2015;Zusammenlegung
60312;Groß Sankt Florian;60346;Groß Sankt Florian;01.01.2015;Zusammenlegung
60313;Großradl;60345;Eibiswald;01.01.2015;Zusammenlegung
60314;Gundersdorf;60348;Sankt Stefan ob Stainz;01.01.2015;Zusammenlegung
60315;Hollenegg;60349;Schwanberg;01.01.2015;Zusammenlegung
60316;Kloster;60344;Deutschlandsberg;01.01.2015;Zusammenlegung
60319;Limberg bei Wies;60351;Wies;01.01.2015;Zusammenlegung
60320;Marhof;60350;Stainz;01.01.2015;Zusammenlegung
60321;Osterwitz;60344;Deutschlandsberg;01.01.2015;Zusammenlegung
60322;Pitschgau;60345;Eibiswald;01.01.2015;Zusammenlegung
60325;Rassach;60350;Stainz;01.01.2015;Zusammenlegung
60327;Sankt Martin im Sulmtal;60347;Sankt Martin im Sulmtal;01.01.2015;Zusammenlegung
60328;Sankt Oswald ob Eibiswald;60345;Eibiswald;01.01.2015;Zusammenlegung
60330;Sankt Stefan ob Stainz;60348;Sankt Stefan ob Stainz;01.01.2015;Zusammenlegung
60331;Schwanberg;60349;Schwanberg;01.01.2015;Zusammenlegung
60332;Soboth;60345;Eibiswald;01.01.2015;Zusammenlegung
60333;Stainz;60350;Stainz;01.01.2015;Zusammenlegung
60334;Stainztal;60350;Stainz;01.01.2015;Zusammenlegung
60335;Stallhof;60350;Stainz;01.01.2015;Zusammenlegung
60336;Sulmeck-Greith;60347;Sankt Martin im Sulmtal;01.01.2015;Zusammenlegung
60338;Trahütten;60344;Deutschlandsberg;01.01.2015;Zusammenlegung
60339;Unterbergla;60346;Groß Sankt Florian;01.01.2015;Zusammenlegung
60340;Wernersdorf;60351;Wies;01.01.2015;Zusammenlegung
60342;Wielfresen;60351;Wies;01.01.2015;Zusammenlegung
60343;Wies;60351;Wies;01.01.2015;Zusammenlegung
60401;Auersbach;62301;Auersbach;01.01.2013;Bezirkszusammenlegung
60402;Aug-Radisch;62302;Aug-Radisch;01.01.2013;Bezirkszusammenlegung
60403;Bad Gleichenberg;62303;Bad Gleichenberg;01.01.2013;Bezirkszusammenlegung
60404;Bairisch Kölldorf;62305;Bairisch Kölldorf;01.01.2013;Bezirkszusammenlegung
60405;Baumgarten bei Gnas;62306;Baumgarten bei Gnas;01.01.2013;Bezirkszusammenlegung
60406;Breitenfeld an der Rittschein;62308;Breitenfeld an der Rittschein;01.01.2013;Bezirkszusammenlegung
60407;Edelsbach bei Feldbach;62311;Edelsbach bei Feldbach;01.01.2013;Bezirkszusammenlegung
60408;Edelstauden;62312;Edelstauden;01.01.2013;Bezirkszusammenlegung
60409;Eichkögl;62314;Eichkögl;01.01.2013;Bezirkszusammenlegung
60410;Fehring;62315;Fehring;01.01.2013;Bezirkszusammenlegung
60411;Feldbach;62316;Feldbach;01.01.2013;Bezirkszusammenlegung
60412;Fladnitz im Raabtal;62317;Fladnitz im Raabtal;01.01.2013;Bezirkszusammenlegung
60413;Frannach;62318;Frannach;01.01.2013;Bezirkszusammenlegung
60414;Frutten-Gießelsdorf;62319;Frutten-Gießelsdorf;01.01.2013;Bezirkszusammenlegung
60415;Glojach;62320;Glojach;01.01.2013;Bezirkszusammenlegung
60416;Gnas;62321;Gnas;01.01.2013;Bezirkszusammenlegung
60417;Gniebing-Weißenbach;62322;Gniebing-Weißenbach;01.01.2013;Bezirkszusammenlegung
60418;Gossendorf;62324;Gossendorf;01.01.2013;Bezirkszusammenlegung
60419;Grabersdorf;62325;Grabersdorf;01.01.2013;Bezirkszusammenlegung
60420;Hatzendorf;62327;Hatzendorf;01.01.2013;Bezirkszusammenlegung
60421;Hohenbrugg-Weinberg;62329;Hohenbrugg-Weinberg;01.01.2013;Bezirkszusammenlegung
60422;Jagerberg;62330;Jagerberg;01.01.2013;Bezirkszusammenlegung
60423;Johnsdorf-Brunn;62331;Johnsdorf-Brunn;01.01.2013;Bezirkszusammenlegung
60424;Kapfenstein;62332;Kapfenstein;01.01.2013;Bezirkszusammenlegung
60425;Kirchbach in Steiermark;62333;Kirchbach in Steiermark;01.01.2013;Bezirkszusammenlegung
60426;Kirchberg an der Raab;62334;Kirchberg an der Raab;01.01.2013;Bezirkszusammenlegung
60427;Kohlberg;62336;Kohlberg;01.01.2013;Bezirkszusammenlegung
60428;Kornberg bei Riegersburg;62337;Kornberg bei Riegersburg;01.01.2013;Bezirkszusammenlegung
60429;Krusdorf;62338;Krusdorf;01.01.2013;Bezirkszusammenlegung
60430;Leitersdorf im Raabtal;62339;Leitersdorf im Raabtal;01.01.2013;Bezirkszusammenlegung
60431;Lödersdorf;62340;Lödersdorf;01.01.2013;Bezirkszusammenlegung
60432;Maierdorf;62341;Maierdorf;01.01.2013;Bezirkszusammenlegung
60433;Merkendorf;62342;Merkendorf;01.01.2013;Bezirkszusammenlegung
60434;Mitterlabill;62344;Mitterlabill;01.01.2013;Bezirkszusammenlegung
60435;Mühldorf bei Feldbach;62345;Mühldorf bei Feldbach;01.01.2013;Bezirkszusammenlegung
60436;Oberdorf am Hochegg;62348;Oberdorf am Hochegg;01.01.2013;Bezirkszusammenlegung
60437;Oberstorcha;62349;Oberstorcha;01.01.2013;Bezirkszusammenlegung
60438;Paldau;62350;Paldau;01.01.2013;Bezirkszusammenlegung
60439;Perlsdorf;62351;Perlsdorf;01.01.2013;Bezirkszusammenlegung
60440;Pertlstein;62352;Pertlstein;01.01.2013;Bezirkszusammenlegung
60441;Petersdorf II;62353;Petersdorf II;01.01.2013;Bezirkszusammenlegung
60442;Pirching am Traubenberg;62354;Pirching am Traubenberg;01.01.2013;Bezirkszusammenlegung
60443;Poppendorf;62355;Poppendorf;01.01.2013;Bezirkszusammenlegung
60444;Raabau;62356;Raabau;01.01.2013;Bezirkszusammenlegung
60445;Raning;62358;Raning;01.01.2013;Bezirkszusammenlegung
60447;Riegersburg;62360;Riegersburg;01.01.2013;Bezirkszusammenlegung
60448;Sankt Anna am Aigen;62361;Sankt Anna am Aigen;01.01.2013;Bezirkszusammenlegung
60449;Sankt Stefan im Rosental;62363;Sankt Stefan im Rosental;01.01.2013;Bezirkszusammenlegung
60450;Schwarzau im Schwarzautal;62364;Schwarzau im Schwarzautal;01.01.2013;Bezirkszusammenlegung
60451;Stainz bei Straden;62365;Stainz bei Straden;01.01.2013;Bezirkszusammenlegung
60452;Studenzen;62367;Studenzen;01.01.2013;Bezirkszusammenlegung
60453;Trautmannsdorf in Oststeiermark;62369;Trautmannsdorf in Oststeiermark;01.01.2013;Bezirkszusammenlegung
60454;Unterauersbach;62371;Unterauersbach;01.01.2013;Bezirkszusammenlegung
60455;Unterlamm;62372;Unterlamm;01.01.2013;Bezirkszusammenlegung
60456;Zerlach;62374;Zerlach;01.01.2013;Bezirkszusammenlegung
60501;Altenmarkt bei Fürstenfeld;62201;Altenmarkt bei Fürstenfeld;01.01.2013;Bezirkszusammenlegung
60502;Bad Blumau;62202;Bad Blumau;01.01.2013;Bezirkszusammenlegung
60503;Burgau;62206;Burgau;01.01.2013;Bezirkszusammenlegung
60504;Fürstenfeld;62212;Fürstenfeld;01.01.2013;Bezirkszusammenlegung
60505;Großsteinbach;62216;Großsteinbach;01.01.2013;Bezirkszusammenlegung
60506;Großwilfersdorf;62217;Großwilfersdorf;01.01.2013;Bezirkszusammenlegung
60507;Hainersdorf;62218;Hainersdorf;01.01.2013;Bezirkszusammenlegung
60508;Ilz;62223;Ilz;01.01.2013;Bezirkszusammenlegung
60509;Loipersdorf bei Fürstenfeld;62228;Loipersdorf bei Fürstenfeld;01.01.2013;Bezirkszusammenlegung
60510;Nestelbach im Ilztal;62230;Nestelbach im Ilztal;01.01.2013;Bezirkszusammenlegung
60511;Ottendorf an der Rittschein;62232;Ottendorf an der Rittschein;01.01.2013;Bezirkszusammenlegung
60512;Söchau;62252;Söchau;01.01.2013;Bezirkszusammenlegung
60513;Stein;62255;Stein;01.01.2013;Bezirkszusammenlegung
60514;Übersbach;62258;Übersbach;01.01.2013;Bezirkszusammenlegung
60601;Attendorf;60665;Hitzendorf;01.01.2015;Zusammenlegung
60602;Brodingberg;60661;Eggersdorf bei Graz;01.01.2015;Zusammenlegung
60603;Deutschfeistritz;60659;Deutschfeistritz;01.01.2015;Zusammenlegung
60604;Dobl;60660;Dobl-Zwaring;01.01.2015;Zusammenlegung
60605;Edelsgrub;60666;Nestelbach bei Graz;01.01.2015;Zusammenlegung
60606;Eggersdorf bei Graz;60661;Eggersdorf bei Graz;01.01.2015;Zusammenlegung
60607;Eisbach;60664;Gratwein-Straßengel;01.01.2015;Zusammenlegung
60609;Fernitz;60662;Fernitz-Mellach;01.01.2015;Zusammenlegung
60610;Frohnleiten;60663;Frohnleiten;01.01.2015;Zusammenlegung
60612;Grambach;60667;Raaba-Grambach;01.01.2015;Zusammenlegung
60614;Gratwein;60664;Gratwein-Straßengel;01.01.2015;Zusammenlegung
60615;Großstübing;60659;Deutschfeistritz;01.01.2015;Zusammenlegung
60616;Gschnaidt;60664;Gratwein-Straßengel;01.01.2015;Zusammenlegung
60620;Hitzendorf;60665;Hitzendorf;01.01.2015;Zusammenlegung
60621;Höf-Präbach;60661;Eggersdorf bei Graz;01.01.2015;Zusammenlegung
60622;Judendorf-Straßengel;60664;Gratwein-Straßengel;01.01.2015;Zusammenlegung
60625;Krumegg;60668;Sankt Marein bei Graz;01.01.2015;Zusammenlegung
60627;Langegg bei Graz;60666;Nestelbach bei Graz;01.01.2015;Zusammenlegung
60630;Mellach;60662;Fernitz-Mellach;01.01.2015;Zusammenlegung
60631;Nestelbach bei Graz;60666;Nestelbach bei Graz;01.01.2015;Zusammenlegung
60633;Pirka;60669;Seiersberg-Pirka;01.01.2015;Zusammenlegung
60634;Hart-Purgstall;60661;Eggersdorf bei Graz;01.01.2015;Zusammenlegung
60635;Raaba;60667;Raaba-Grambach;01.01.2015;Zusammenlegung
60636;Röthelstein;60663;Frohnleiten;01.01.2015;Zusammenlegung
60637;Rohrbach-Steinberg;60665;Hitzendorf;01.01.2015;Zusammenlegung
60640;Sankt Marein bei Graz;60668;Sankt Marein bei Graz;01.01.2015;Zusammenlegung
60643;Schrems bei Frohnleiten;60663;Frohnleiten;01.01.2015;Zusammenlegung
60644;Seiersberg;60669;Seiersberg-Pirka;01.01.2015;Zusammenlegung
60649;Tulwitz;61758;Fladnitz an der Teichalm;01.01.2015;Zusammenlegung
60650;Tyrnau;61758;Fladnitz an der Teichalm;01.01.2015;Zusammenlegung
60652;Unterpremstätten;60670;Unterpremstätten-Zettling;01.01.2015;Zusammenlegung
60657;Zettling;60670;Unterpremstätten-Zettling;01.01.2015;Zusammenlegung
60658;Zwaring-Pöls;60660;Dobl-Zwaring;01.01.2015;Zusammenlegung
60701;Blaindorf;62204;Blaindorf;01.01.2013;Bezirkszusammenlegung
60702;Buch-Geiseldorf;62205;Buch-St. Magdalena;01.01.2013;Zusammenlegung
60703;Dechantskirchen;62207;Dechantskirchen;01.01.2013;Bezirkszusammenlegung
60704;Dienersdorf;62208;Dienersdorf;01.01.2013;Bezirkszusammenlegung
60705;Ebersdorf;62209;Ebersdorf;01.01.2013;Bezirkszusammenlegung
60706;Friedberg;62211;Friedberg;01.01.2013;Bezirkszusammenlegung
60707;Grafendorf bei Hartberg;62213;Grafendorf bei Hartberg;01.01.2013;Bezirkszusammenlegung
60708;Greinbach;62214;Greinbach;01.01.2013;Bezirkszusammenlegung
60709;Großhart;62215;Großhart;01.01.2013;Bezirkszusammenlegung
60710;Hartberg;62219;Hartberg;01.01.2013;Bezirkszusammenlegung
60711;Hartberg Umgebung;62220;Hartberg Umgebung;01.01.2013;Bezirkszusammenlegung
60712;Hartl;62221;Hartl;01.01.2013;Bezirkszusammenlegung
60713;Hofkirchen bei Hartberg;62222;Hofkirchen bei Hartberg;01.01.2013;Bezirkszusammenlegung
60714;Kaibing;62224;Kaibing;01.01.2013;Bezirkszusammenlegung
60715;Kaindorf;62225;Kaindorf;01.01.2013;Bezirkszusammenlegung
60716;Eichberg;62210;Eichberg;01.01.2013;Bezirkszusammenlegung
60717;Lafnitz;62226;Lafnitz;01.01.2013;Bezirkszusammenlegung
60718;Limbach bei Neudau;62227;Limbach bei Neudau;01.01.2013;Bezirkszusammenlegung
60719;Mönichwald;62229;Mönichwald;01.01.2013;Bezirkszusammenlegung
60720;Neudau;62231;Neudau;01.01.2013;Bezirkszusammenlegung
60721;Pinggau;62233;Pinggau;01.01.2013;Bezirkszusammenlegung
60722;Pöllau;62234;Pöllau;01.01.2013;Bezirkszusammenlegung
60723;Pöllauberg;62235;Pöllauberg;01.01.2013;Bezirkszusammenlegung
60724;Puchegg;62236;Puchegg;01.01.2013;Bezirkszusammenlegung
60725;Rabenwald;62237;Rabenwald;01.01.2013;Bezirkszusammenlegung
60726;Riegersberg;62238;Riegersberg;01.01.2013;Bezirkszusammenlegung
60727;Rohr bei Hartberg;62239;Rohr bei Hartberg;01.01.2013;Bezirkszusammenlegung
60728;Rohrbach an der Lafnitz;62240;Rohrbach an der Lafnitz;01.01.2013;Bezirkszusammenlegung
60729;Saifen-Boden;62241;Saifen-Boden;01.01.2013;Bezirkszusammenlegung
60730;Sankt Jakob im Walde;62242;Sankt Jakob im Walde;01.01.2013;Bezirkszusammenlegung
60731;Sankt Johann bei Herberstein;62243;Sankt Johann bei Herberstein;01.01.2013;Bezirkszusammenlegung
60732;Sankt Johann in der Haide;62244;Sankt Johann in der Haide;01.01.2013;Bezirkszusammenlegung
60733;Sankt Lorenzen am Wechsel;62245;Sankt Lorenzen am Wechsel;01.01.2013;Bezirkszusammenlegung
60734;Sankt Magdalena am Lemberg;62205;Buch-St. Magdalena;01.01.2013;Zusammenlegung
60735;Schachen bei Vorau;62246;Schachen bei Vorau;01.01.2013;Bezirkszusammenlegung
60736;Schäffern;62247;Schäffern;01.01.2013;Bezirkszusammenlegung
60737;Schlag bei Thalberg;62248;Schlag bei Thalberg;01.01.2013;Bezirkszusammenlegung
60738;Schönegg bei Pöllau;62249;Schönegg bei Pöllau;01.01.2013;Bezirkszusammenlegung
60739;Sebersdorf;62250;Sebersdorf;01.01.2013;Bezirkszusammenlegung
60740;Siegersdorf bei Herberstein;62251;Siegersdorf bei Herberstein;01.01.2013;Bezirkszusammenlegung
60741;Sonnhofen;62253;Sonnhofen;01.01.2013;Bezirkszusammenlegung
60742;Stambach;62254;Stambach;01.01.2013;Bezirkszusammenlegung
60743;Stubenberg;62256;Stubenberg;01.01.2013;Bezirkszusammenlegung
60744;Tiefenbach bei Kaindorf;62257;Tiefenbach bei Kaindorf;01.01.2013;Bezirkszusammenlegung
60745;Vorau;62259;Vorau;01.01.2013;Bezirkszusammenlegung
60746;Vornholz;62260;Vornholz;01.01.2013;Bezirkszusammenlegung
60747;Waldbach;62261;Waldbach;01.01.2013;Bezirkszusammenlegung
60748;Bad Waltersdorf;62203;Bad Waltersdorf;01.01.2013;Bezirkszusammenlegung
60749;Wenigzell;62262;Wenigzell;01.01.2013;Bezirkszusammenlegung
60750;Wörth an der Lafnitz;62263;Wörth an der Lafnitz;01.01.2013;Bezirkszusammenlegung
60801;Amering;62001;Amering;01.01.2012;Bezirkszusammenlegung
60802;Bretstein;62003;Bretstein;01.01.2012;Bezirkszusammenlegung
60803;Eppenstein;62004;Eppenstein;01.01.2012;Bezirkszusammenlegung
60804;Fohnsdorf;62007;Fohnsdorf;01.01.2012;Bezirkszusammenlegung
60805;Hohentauern;62010;Hohentauern;01.01.2012;Bezirkszusammenlegung
60806;Judenburg;62011;Judenburg;01.01.2012;Bezirkszusammenlegung
60807;Sankt Wolfgang-Kienberg;62033;Sankt Wolfgang-Kienberg;01.01.2012;Bezirkszusammenlegung
60808;Sankt Anna am Lavantegg;62025;Sankt Anna am Lavantegg;01.01.2012;Bezirkszusammenlegung
60809;Maria Buch-Feistritz;62015;Maria Buch-Feistritz;01.01.2012;Bezirkszusammenlegung
60810;Obdach;62016;Obdach;01.01.2012;Bezirkszusammenlegung
60811;Oberkurzheim;62017;Oberkurzheim;01.01.2012;Bezirkszusammenlegung
60812;Oberweg;62018;Oberweg;01.01.2012;Bezirkszusammenlegung
60813;Oberzeiring;62019;Oberzeiring;01.01.2012;Bezirkszusammenlegung
60814;Pöls;62020;Pöls;01.01.2012;Bezirkszusammenlegung
60815;Pusterwald;62021;Pusterwald;01.01.2012;Bezirkszusammenlegung
60816;Reifling;62023;Reifling;01.01.2012;Bezirkszusammenlegung
60817;Reisstraße;62024;Reisstraße;01.01.2012;Bezirkszusammenlegung
60818;Sankt Georgen ob Judenburg;62026;Sankt Georgen ob Judenburg;01.01.2012;Bezirkszusammenlegung
60819;Sankt Johann am Tauern;62027;Sankt Johann am Tauern;01.01.2012;Bezirkszusammenlegung
60820;Sankt Oswald-Möderbrugg;62031;Sankt Oswald-Möderbrugg;01.01.2012;Bezirkszusammenlegung
60821;Sankt Peter ob Judenburg;62032;Sankt Peter ob Judenburg;01.01.2012;Bezirkszusammenlegung
60822;Unzmarkt-Frauenburg;62036;Unzmarkt-Frauenburg;01.01.2012;Bezirkszusammenlegung
60823;Weißkirchen in Steiermark;62037;Weißkirchen in Steiermark;01.01.2012;Bezirkszusammenlegung
60824;Zeltweg;62038;Zeltweg;01.01.2012;Bezirkszusammenlegung
60901;Apfelberg;62002;Apfelberg;01.01.2012;Bezirkszusammenlegung
60902;Feistritz bei Knittelfeld;62005;Feistritz bei Knittelfeld;01.01.2012;Bezirkszusammenlegung
60903;Flatschach;62006;Flatschach;01.01.2012;Bezirkszusammenlegung
60904;Gaal;62008;Gaal;01.01.2012;Bezirkszusammenlegung
60905;Großlobming;62009;Großlobming;01.01.2012;Bezirkszusammenlegung
60906;Kleinlobming;62012;Kleinlobming;01.01.2012;Bezirkszusammenlegung
60907;Knittelfeld;62013;Knittelfeld;01.01.2012;Bezirkszusammenlegung
60908;Kobenz;62014;Kobenz;01.01.2012;Bezirkszusammenlegung
60909;Rachau;62022;Rachau;01.01.2012;Bezirkszusammenlegung
60910;Sankt Lorenzen bei Knittelfeld;62028;Sankt Lorenzen bei Knittelfeld;01.01.2012;Bezirkszusammenlegung
60911;Sankt Marein bei Knittelfeld;62029;Sankt Marein bei Knittelfeld;01.01.2012;Bezirkszusammenlegung
60912;Sankt Margarethen bei Knittelfeld;62030;Sankt Margarethen bei Knittelfeld;01.01.2012;Bezirkszusammenlegung
60913;Seckau;62034;Seckau;01.01.2012;Bezirkszusammenlegung
60914;Spielberg;62035;Spielberg;01.01.2012;Bezirkszusammenlegung
61003;Berghausen;61049;Ehrenhausen an der Weinstraße;01.01.2015;Zusammenlegung
61004;Breitenfeld am Tannenriegel;61057;Schwarzautal ;01.01.2015;Zusammenlegung
61005;Ehrenhausen;61049;Ehrenhausen an der Weinstraße;01.01.2015;Zusammenlegung
61006;Eichberg-Trautenburg;61054;Leutschach an der Weinstraße;01.01.2015;Zusammenlegung
61009;Gamlitz;61050;Gamlitz;01.01.2015;Zusammenlegung
61010;Glanz an der Weinstraße;61054;Leutschach an der Weinstraße;01.01.2015;Zusammenlegung
61011;Gleinstätten;61051;Gleinstätten;01.01.2015;Zusammenlegung
61014;Hainsdorf im Schwarzautal;61057;Schwarzautal ;01.01.2015;Zusammenlegung
61015;Heiligenkreuz am Waasen;61052;Heiligenkreuz am Waasen;01.01.2015;Zusammenlegung
61018;Kaindorf an der Sulm;61053;Leibnitz;01.01.2015;Zusammenlegung
61022;Leibnitz;61053;Leibnitz;01.01.2015;Zusammenlegung
61023;Leutschach;61054;Leutschach an der Weinstraße;01.01.2015;Zusammenlegung
61025;Obervogau;61058;Straß-Spielfeld;01.01.2015;Zusammenlegung
61026;Pistorf;61051;Gleinstätten;01.01.2015;Zusammenlegung
61028;Ratsch an der Weinstraße;61049;Ehrenhausen an der Weinstraße;01.01.2015;Zusammenlegung
61029;Retznei;61049;Ehrenhausen an der Weinstraße;01.01.2015;Zusammenlegung
61031;Sankt Georgen an der Stiefing;61055;Sankt Georgen an der Stiefing;01.01.2015;Zusammenlegung
61034;Sankt Nikolai ob Draßling;61056;Sankt Veit in der Südsteiermark;01.01.2015;Zusammenlegung
61035;Sankt Ulrich am Waasen;61052;Heiligenkreuz am Waasen;01.01.2015;Zusammenlegung
61036;Sankt Veit am Vogau ;61056;Sankt Veit in der Südsteiermark;01.01.2015;Zusammenlegung
61037;Schloßberg;61054;Leutschach an der Weinstraße;01.01.2015;Zusammenlegung
61038;Seggauberg;61053;Leibnitz;01.01.2015;Zusammenlegung
61039;Spielfeld;61058;Straß-Spielfeld;01.01.2015;Zusammenlegung
61040;Stocking (Teil);61055;Sankt Georgen an der Stiefing;01.01.2015;Zusammenlegung
61040;Stocking (Teil);61059;Wildon;01.01.2015;Zusammenlegung
61041;Straß in Steiermark;61058;Straß-Spielfeld;01.01.2015;Zusammenlegung
61042;Sulztal an der Weinstraße;61050;Gamlitz;01.01.2015;Zusammenlegung
61044;Vogau;61058;Straß-Spielfeld;01.01.2015;Zusammenlegung
61046;Weitendorf;61059;Wildon;01.01.2015;Zusammenlegung
61047;Wildon;61059;Wildon;01.01.2015;Zusammenlegung
61048;Wolfsberg im Schwarzautal ;61057;Schwarzautal ;01.01.2015;Zusammenlegung
61102;Gai;61120;Trofaiach;01.01.2013;Zusammenlegung
61103;Hafning bei Trofaiach;61120;Trofaiach;01.01.2013;Zusammenlegung
61104;Hieflau;61258;Landl;01.01.2015;Zusammenlegung
61117;Trofaiach;61120;Trofaiach;01.01.2013;Zusammenlegung
61201;Admont;61253;Admont;01.01.2015;Zusammenlegung
61202;Aich;61254;Aich;01.01.2015;Zusammenlegung
61208;Donnersbach;61257;Irdning-Donnersbachtal;01.01.2015;Zusammenlegung
61209;Donnersbachwald;61257;Irdning-Donnersbachtal;01.01.2015;Zusammenlegung
61210;Gaishorn am See;61256;Gaishorn am See;01.01.2015;Zusammenlegung
61211;Gams bei Hieflau;61258;Landl;01.01.2015;Zusammenlegung
61212;Gössenberg;61254;Aich;01.01.2015;Zusammenlegung
61214;Großsölk;61266;Sölk;01.01.2015;Zusammenlegung
61216;Hall;61253;Admont;01.01.2015;Zusammenlegung
61218;Irdning;61257;Irdning-Donnersbachtal;01.01.2015;Zusammenlegung
61219;Johnsbach;61253;Admont;01.01.2015;Zusammenlegung
61220;Kleinsölk;61266;Sölk;01.01.2015;Zusammenlegung
61221;Landl;61258;Landl;01.01.2015;Zusammenlegung
61223;Liezen;61259;Liezen;01.01.2015;Zusammenlegung
61224;Michaelerberg;61260;Michaelerberg-Pruggern;01.01.2015;Zusammenlegung
61225;Mitterberg;61261;Mitterberg-Sankt Martin;01.01.2015;Zusammenlegung
61226;Bad Mitterndorf;61255;Bad Mitterndorf;01.01.2015;Zusammenlegung
61227;Niederöblarn;61262;Öblarn;01.01.2015;Zusammenlegung
61228;Öblarn;61262;Öblarn;01.01.2015;Zusammenlegung
61229;Oppenberg;61263;Rottenmann;01.01.2015;Zusammenlegung
61230;Palfau;61258;Landl;01.01.2015;Zusammenlegung
61232;Pichl-Preunegg;61265;Schladming;01.01.2015;Zusammenlegung
61233;Pichl-Kainisch;61255;Bad Mitterndorf;01.01.2015;Zusammenlegung
61234;Pruggern;61260;Michaelerberg-Pruggern;01.01.2015;Zusammenlegung
61235;Pürgg-Trautenfels;61267;Stainach-Pürgg;01.01.2015;Zusammenlegung
61237;Rohrmoos-Untertal;61265;Schladming;01.01.2015;Zusammenlegung
61238;Rottenmann;61263;Rottenmann;01.01.2015;Zusammenlegung
61239;Sankt Gallen;61264;Sankt Gallen;01.01.2015;Zusammenlegung
61240;Sankt Martin am Grimming;61261;Mitterberg-Sankt Martin;01.01.2015;Zusammenlegung
61241;Sankt Nikolai im Sölktal;61266;Sölk;01.01.2015;Zusammenlegung
61242;Schladming;61265;Schladming;01.01.2015;Zusammenlegung
61244;Stainach;61267;Stainach-Pürgg;01.01.2015;Zusammenlegung
61245;Tauplitz;61255;Bad Mitterndorf;01.01.2015;Zusammenlegung
61246;Treglwang;61256;Gaishorn am See;01.01.2015;Zusammenlegung
61248;Weißenbach an der Enns;61264;Sankt Gallen;01.01.2015;Zusammenlegung
61249;Weißenbach bei Liezen;61259;Liezen;01.01.2015;Zusammenlegung
61250;Weng im Gesäuse;61253;Admont;01.01.2015;Zusammenlegung
61301;Allerheiligen im Mürztal;62103;Allerheiligen im Mürztal;01.01.2013;Bezirkszusammenlegung
61302;Altenberg an der Rax;62104;Altenberg an der Rax;01.01.2013;Bezirkszusammenlegung
61303;Ganz;62109;Ganz;01.01.2013;Bezirkszusammenlegung
61304;Kapellen;62112;Kapellen;01.01.2013;Bezirkszusammenlegung
61305;Kindberg;62114;Kindberg;01.01.2013;Bezirkszusammenlegung
61306;Krieglach;62115;Krieglach;01.01.2013;Bezirkszusammenlegung
61307;Langenwang;62116;Langenwang;01.01.2013;Bezirkszusammenlegung
61308;Mitterdorf im Mürztal;62118;Mitterdorf im Mürztal;01.01.2013;Bezirkszusammenlegung
61309;Mürzhofen;62119;Mürzhofen;01.01.2013;Bezirkszusammenlegung
61310;Mürzsteg;62120;Mürzsteg;01.01.2013;Bezirkszusammenlegung
61311;Mürzzuschlag;62121;Mürzzuschlag;01.01.2013;Bezirkszusammenlegung
61312;Neuberg an der Mürz;62122;Neuberg an der Mürz;01.01.2013;Bezirkszusammenlegung
61313;Spital am Semmering;62131;Spital am Semmering;01.01.2013;Bezirkszusammenlegung
61314;Stanz im Mürztal;62132;Stanz im Mürztal;01.01.2013;Bezirkszusammenlegung
61315;Veitsch;62136;Veitsch;01.01.2013;Bezirkszusammenlegung
61316;Wartberg im Mürztal;62137;Wartberg im Mürztal;01.01.2013;Bezirkszusammenlegung
61401;Dürnstein in Steiermark;61439;Neumarkt in der Steiermark;01.01.2015;Zusammenlegung
61402;Falkendorf;61436;St. Ruprecht-Falkendorf;01.01.2005;Zusammenlegung
61403;Frojach-Katsch;61446;Teufenbach-Katsch;01.01.2015;Zusammenlegung
61404;Krakaudorf;61437;Krakau;01.01.2015;Zusammenlegung
61405;Krakauhintermühlen;61437;Krakau;01.01.2015;Zusammenlegung
61406;Krakauschatten;61437;Krakau;01.01.2015;Zusammenlegung
61407;Kulm am Zirbitz;61439;Neumarkt in der Steiermark;01.01.2015;Zusammenlegung
61408;Laßnitz bei Murau;61438;Murau;01.01.2015;Zusammenlegung
61409;Mariahof;61439;Neumarkt in der Steiermark;01.01.2015;Zusammenlegung
61411;Murau;61438;Murau;01.01.2015;Zusammenlegung
61412;Neumarkt in Steiermark;61439;Neumarkt in der Steiermark;01.01.2015;Zusammenlegung
61414;Oberwölz Stadt;61440;Oberwölz;01.01.2015;Zusammenlegung
61415;Oberwölz Umgebung;61440;Oberwölz;01.01.2015;Zusammenlegung
61416;Perchau am Sattel;61439;Neumarkt in der Steiermark;01.01.2015;Zusammenlegung
61417;Predlitz-Turrach;61445;Stadl-Predlitz;01.01.2015;Zusammenlegung
61418;Ranten;61441;Ranten;01.01.2015;Zusammenlegung
61419;Rinegg;61441;Ranten;01.01.2015;Zusammenlegung
61420;Sankt Blasen;61443;Sankt Lambrecht;01.01.2015;Zusammenlegung
61421;Sankt Georgen ob Murau;61442;Sankt Georgen am Kreischberg;01.01.2015;Zusammenlegung
61422;Sankt Lambrecht;61443;Sankt Lambrecht;01.01.2015;Zusammenlegung
61423;Sankt Lorenzen bei Scheifling;61444;Scheifling;01.01.2015;Zusammenlegung
61424;Sankt Marein bei Neumarkt;61439;Neumarkt in der Steiermark;01.01.2015;Zusammenlegung
61426;Sankt Ruprecht ob Murau;61436;St. Ruprecht-Falkendorf;01.01.2005;Zusammenlegung
61427;Scheifling;61444;Scheifling;01.01.2015;Zusammenlegung
61429;Schönberg-Lachtal;61440;Oberwölz;01.01.2015;Zusammenlegung
61430;Stadl an der Mur;61445;Stadl-Predlitz;01.01.2015;Zusammenlegung
61431;Stolzalpe;61438;Murau;01.01.2015;Zusammenlegung
61432;Teufenbach;61446;Teufenbach-Katsch;01.01.2015;Zusammenlegung
61433;Triebendorf;61438;Murau;01.01.2015;Zusammenlegung
61434;Winklern bei Oberwölz;61440;Oberwölz;01.01.2015;Zusammenlegung
61435;Zeutschach;61439;Neumarkt in der Steiermark;01.01.2015;Zusammenlegung
61436;St. Ruprecht-Falkendorf;61442;Sankt Georgen am Kreischberg;01.01.2015;Zusammenlegung
61501;Bierbaum am Auersbach;62307;Bierbaum am Auersbach;01.01.2013;Bezirkszusammenlegung
61502;Deutsch Goritz;62309;Deutsch Goritz;01.01.2013;Bezirkszusammenlegung
61503;Dietersdorf am Gnasbach;62310;Dietersdorf am Gnasbach;01.01.2013;Bezirkszusammenlegung
61504;Eichfeld;62313;Eichfeld;01.01.2013;Bezirkszusammenlegung
61505;Gosdorf;62323;Gosdorf;01.01.2013;Bezirkszusammenlegung
61506;Halbenrain;62326;Halbenrain;01.01.2013;Bezirkszusammenlegung
61508;Hof bei Straden;62328;Hof bei Straden;01.01.2013;Bezirkszusammenlegung
61509;Klöch;62335;Klöch;01.01.2013;Bezirkszusammenlegung
61510;Mettersdorf am Saßbach;62343;Mettersdorf am Saßbach;01.01.2013;Bezirkszusammenlegung
61511;Mureck;62346;Mureck;01.01.2013;Bezirkszusammenlegung
61512;Murfeld;62347;Murfeld;01.01.2013;Bezirkszusammenlegung
61513;Bad Radkersburg;62304;Bad Radkersburg;01.01.2013;Bezirkszusammenlegung
61514;Radkersburg Umgebung;62357;Radkersburg Umgebung;01.01.2013;Bezirkszusammenlegung
61515;Ratschendorf;62359;Ratschendorf;01.01.2013;Bezirkszusammenlegung
61516;Sankt Peter am Ottersbach;62362;Sankt Peter am Ottersbach;01.01.2013;Bezirkszusammenlegung
61517;Straden;62366;Straden;01.01.2013;Bezirkszusammenlegung
61518;Tieschen;62368;Tieschen;01.01.2013;Bezirkszusammenlegung
61519;Trössing;62370;Trössing;01.01.2013;Bezirkszusammenlegung
61520;Weinburg am Saßbach;62373;Weinburg am Saßbach;01.01.2013;Bezirkszusammenlegung
61601;Bärnbach;61626;Bärnbach;01.01.2015;Zusammenlegung
61602;Edelschrott;61627;Edelschrott;01.01.2015;Zusammenlegung
61603;Gallmannsegg;61630;Kainach bei Voitsberg;01.01.2015;Zusammenlegung
61604;Geistthal;61628;Geistthal-Södingberg;01.01.2015;Zusammenlegung
61605;Gößnitz;61632;Maria Lankowitz;01.01.2015;Zusammenlegung
61606;Graden;61631;Köflach;01.01.2015;Zusammenlegung
61607;Hirschegg;61629;Hirschegg-Pack;01.01.2015;Zusammenlegung
61608;Kainach bei Voitsberg;61630;Kainach bei Voitsberg;01.01.2015;Zusammenlegung
61609;Köflach;61631;Köflach;01.01.2015;Zusammenlegung
61610;Kohlschwarz;61630;Kainach bei Voitsberg;01.01.2015;Zusammenlegung
61613;Maria Lankowitz;61632;Maria Lankowitz;01.01.2015;Zusammenlegung
61614;Modriach;61627;Edelschrott;01.01.2015;Zusammenlegung
61616;Pack;61629;Hirschegg-Pack;01.01.2015;Zusammenlegung
61617;Piberegg;61626;Bärnbach;01.01.2015;Zusammenlegung
61619;Salla;61632;Maria Lankowitz;01.01.2015;Zusammenlegung
61620;Sankt Johann-Köppling;61633;Söding-Sankt Johann;01.01.2015;Zusammenlegung
61622;Söding;61633;Söding-Sankt Johann;01.01.2015;Zusammenlegung
61623;Södingberg;61628;Geistthal-Södingberg;01.01.2015;Zusammenlegung
61702;Anger;61756;Anger;01.01.2015;Zusammenlegung
61703;Arzberg;61763;Passail;01.01.2015;Zusammenlegung
61704;Baierdorf bei Anger;61756;Anger;01.01.2015;Zusammenlegung
61705;Birkfeld;61757;Birkfeld ;01.01.2015;Zusammenlegung
61706;Etzersdorf-Rollsdorf;61765;Sankt Ruprecht an der Raab;01.01.2015;Zusammenlegung
61707;Feistritz bei Anger;61756;Anger;01.01.2015;Zusammenlegung
61709;Fladnitz an der Teichalm;61758;Fladnitz an der Teichalm;01.01.2015;Zusammenlegung
61712;Gersdorf an der Feistritz;61759;Gersdorf an der Feistritz;01.01.2015;Zusammenlegung
61713;Gleisdorf;61760;Gleisdorf;01.01.2015;Zusammenlegung
61714;Gschaid bei Birkfeld;61757;Birkfeld ;01.01.2015;Zusammenlegung
61715;Gutenberg an der Raabklamm;61761;Gutenberg-Stenzengreith;01.01.2015;Zusammenlegung
61717;Haslau bei Birkfeld;61757;Birkfeld ;01.01.2015;Zusammenlegung
61718;Hirnsdorf ;62266;Feistritztal;01.01.2015;Zusammenlegung
61720;Hohenau an der Raab;61763;Passail;01.01.2015;Zusammenlegung
61721;Ilztal;61762;Ilztal;01.01.2015;Zusammenlegung
61722;Koglhof;61757;Birkfeld ;01.01.2015;Zusammenlegung
61723;Krottendorf;61766;Weiz;01.01.2015;Zusammenlegung
61724;Kulm bei Weiz;61764;Pischelsdorf am Kulm;01.01.2015;Zusammenlegung
61725;Labuch;61760;Gleisdorf;01.01.2015;Zusammenlegung
61726;Laßnitzthal;61760;Gleisdorf;01.01.2015;Zusammenlegung
61732;Naintsch;61756;Anger;01.01.2015;Zusammenlegung
61733;Neudorf bei Passail;61763;Passail;01.01.2015;Zusammenlegung
61734;Nitscha;61760;Gleisdorf;01.01.2015;Zusammenlegung
61735;Oberrettenbach;61759;Gersdorf an der Feistritz;01.01.2015;Zusammenlegung
61736;Passail;61763;Passail;01.01.2015;Zusammenlegung
61737;Pischelsdorf in der Steiermark;61764;Pischelsdorf am Kulm;01.01.2015;Zusammenlegung
61739;Preßguts;61762;Ilztal;01.01.2015;Zusammenlegung
61742;Reichendorf;61764;Pischelsdorf am Kulm;01.01.2015;Zusammenlegung
61747;Sankt Ruprecht an der Raab;61765;Sankt Ruprecht an der Raab;01.01.2015;Zusammenlegung
61749;Stenzengreith;61761;Gutenberg-Stenzengreith;01.01.2015;Zusammenlegung
61752;Ungerdorf;61760;Gleisdorf;01.01.2015;Zusammenlegung
61753;Unterfladnitz;61765;Sankt Ruprecht an der Raab;01.01.2015;Zusammenlegung
61754;Waisenegg;61757;Birkfeld ;01.01.2015;Zusammenlegung
61755;Weiz;61766;Weiz;01.01.2015;Zusammenlegung
62001;Amering;62042;Obdach;01.01.2015;Zusammenlegung
62002;Apfelberg;62041;Knittelfeld;01.01.2015;Zusammenlegung
62003;Bretstein;62044;Pölstal;01.01.2015;Zusammenlegung
62004;Eppenstein;62048;Weißkirchen in Steiermark;01.01.2015;Zusammenlegung
62005;Feistritz bei Knittelfeld;62045;Sankt Marein-Feistritz;01.01.2015;Zusammenlegung
62006;Flatschach;62047;Spielberg;01.01.2015;Zusammenlegung
62009;Großlobming;62039;Großlobming;01.01.2015;Zusammenlegung
62011;Judenburg;62040;Judenburg;01.01.2015;Zusammenlegung
62012;Kleinlobming;62039;Großlobming;01.01.2015;Zusammenlegung
62013;Knittelfeld;62041;Knittelfeld;01.01.2015;Zusammenlegung
62015;Maria Buch-Feistritz;62048;Weißkirchen in Steiermark;01.01.2015;Zusammenlegung
62016;Obdach;62042;Obdach;01.01.2015;Zusammenlegung
62017;Oberkurzheim;62043;Pöls-Oberkurzheim;01.01.2015;Zusammenlegung
62018;Oberweg;62040;Judenburg;01.01.2015;Zusammenlegung
62019;Oberzeiring;62044;Pölstal;01.01.2015;Zusammenlegung
62020;Pöls;62043;Pöls-Oberkurzheim;01.01.2015;Zusammenlegung
62022;Rachau;62046;Sankt Margarethen bei Knittelfeld;01.01.2015;Zusammenlegung
62023;Reifling;62040;Judenburg;01.01.2015;Zusammenlegung
62024;Reisstraße;62048;Weißkirchen in Steiermark;01.01.2015;Zusammenlegung
62025;Sankt Anna am Lavantegg;62042;Obdach;01.01.2015;Zusammenlegung
62027;Sankt Johann am Tauern;62044;Pölstal;01.01.2015;Zusammenlegung
62028;Sankt Lorenzen bei Knittelfeld;62046;Sankt Margarethen bei Knittelfeld;01.01.2015;Zusammenlegung
62029;Sankt Marein bei Knittelfeld;62045;Sankt Marein-Feistritz;01.01.2015;Zusammenlegung
62030;Sankt Margarethen bei Knittelfeld;62046;Sankt Margarethen bei Knittelfeld;01.01.2015;Zusammenlegung
62031;Sankt Oswald-Möderbrugg;62044;Pölstal;01.01.2015;Zusammenlegung
62033;Sankt Wolfgang-Kienberg;62042;Obdach;01.01.2015;Zusammenlegung
62035;Spielberg;62047;Spielberg;01.01.2015;Zusammenlegung
62037;Weißkirchen in Steiermark;62048;Weißkirchen in Steiermark;01.01.2015;Zusammenlegung
62101;Aflenz Kurort;62138;Aflenz;01.01.2015;Zusammenlegung
62102;Aflenz Land;62138;Aflenz;01.01.2015;Zusammenlegung
62103;Allerheiligen im Mürztal;62141;Kindberg;01.01.2015;Zusammenlegung
62104;Altenberg an der Rax;62144;Neuberg an der Mürz;01.01.2015;Zusammenlegung
62106;Bruck an der Mur;62139;Bruck an der Mur;01.01.2015;Zusammenlegung
62107;Etmißl;62147;Thörl;01.01.2015;Zusammenlegung
62108;Frauenberg;62146;Sankt Marein im Mürztal;01.01.2015;Zusammenlegung
62109;Ganz;62143;Mürzzuschlag;01.01.2015;Zusammenlegung
62110;Gußwerk;62142;Mariazell;01.01.2015;Zusammenlegung
62111;Halltal;62142;Mariazell;01.01.2015;Zusammenlegung
62112;Kapellen;62144;Neuberg an der Mürz;01.01.2015;Zusammenlegung
62113;Kapfenberg;62140;Kapfenberg;01.01.2015;Zusammenlegung
62114;Kindberg;62141;Kindberg;01.01.2015;Zusammenlegung
62117;Mariazell;62142;Mariazell;01.01.2015;Zusammenlegung
62118;Mitterdorf im Mürztal;62145;Sankt Barbara im Mürztal;01.01.2015;Zusammenlegung
62119;Mürzhofen;62141;Kindberg;01.01.2015;Zusammenlegung
62120;Mürzsteg;62144;Neuberg an der Mürz;01.01.2015;Zusammenlegung
62121;Mürzzuschlag;62143;Mürzzuschlag;01.01.2015;Zusammenlegung
62122;Neuberg an der Mürz;62144;Neuberg an der Mürz;01.01.2015;Zusammenlegung
62123;Oberaich;62139;Bruck an der Mur;01.01.2015;Zusammenlegung
62124;Parschlug;62140;Kapfenberg;01.01.2015;Zusammenlegung
62126;Sankt Ilgen;62147;Thörl;01.01.2015;Zusammenlegung
62127;Sankt Katharein an der Laming;62148;Tragöß-Sankt Katharein;01.01.2015;Zusammenlegung
62129;Sankt Marein im Mürztal;62146;Sankt Marein im Mürztal;01.01.2015;Zusammenlegung
62130;Sankt Sebastian;62142;Mariazell;01.01.2015;Zusammenlegung
62133;Thörl;62147;Thörl;01.01.2015;Zusammenlegung
62134;Tragöß;62148;Tragöß-Sankt Katharein;01.01.2015;Zusammenlegung
62136;Veitsch;62145;Sankt Barbara im Mürztal;01.01.2015;Zusammenlegung
62137;Wartberg im Mürztal;62145;Sankt Barbara im Mürztal;01.01.2015;Zusammenlegung
62201;Altenmarkt bei Fürstenfeld;62267;Fürstenfeld;01.01.2015;Zusammenlegung
62203;Bad Waltersdorf;62264;Bad Waltersdorf;01.01.2015;Zusammenlegung
62204;Blaindorf ;62266;Feistritztal;01.01.2015;Zusammenlegung
62207;Dechantskirchen;62265;Dechantskirchen;01.01.2015;Zusammenlegung
62208;Dienersdorf;62272;Kaindorf;01.01.2015;Zusammenlegung
62210;Eichberg;62277;Rohrbach an der Lafnitz;01.01.2015;Zusammenlegung
62212;Fürstenfeld;62267;Fürstenfeld;01.01.2015;Zusammenlegung
62213;Grafendorf bei Hartberg;62268;Grafendorf bei Hartberg;01.01.2015;Zusammenlegung
62215;Großhart;62270;Hartl;01.01.2015;Zusammenlegung
62217;Großwilfersdorf;62269;Großwilfersdorf;01.01.2015;Zusammenlegung
62218;Hainersdorf;62269;Großwilfersdorf;01.01.2015;Zusammenlegung
62221;Hartl;62270;Hartl;01.01.2015;Zusammenlegung
62222;Hofkirchen bei Hartberg;62272;Kaindorf;01.01.2015;Zusammenlegung
62223;Ilz;62271;Ilz;01.01.2015;Zusammenlegung
62224;Kaibing ;62266;Feistritztal;01.01.2015;Zusammenlegung
62225;Kaindorf;62272;Kaindorf;01.01.2015;Zusammenlegung
62227;Limbach bei Neudau (Teil);62264;Bad Waltersdorf;01.01.2015;Zusammenlegung
62227;Limbach bei Neudau (Teil);62274;Neudau;01.01.2015;Zusammenlegung
62228;Loipersdorf bei Fürstenfeld;62273;Loipersdorf bei Fürstenfeld;01.01.2015;Zusammenlegung
62229;Mönichwald;62279;Waldbach-Mönichwald;01.01.2015;Zusammenlegung
62230;Nestelbach im Ilztal;62271;Ilz;01.01.2015;Zusammenlegung
62231;Neudau;62274;Neudau;01.01.2015;Zusammenlegung
62234;Pöllau;62275;Pöllau;01.01.2015;Zusammenlegung
62236;Puchegg;62278;Vorau;01.01.2015;Zusammenlegung
62237;Rabenwald;62275;Pöllau;01.01.2015;Zusammenlegung
62238;Riegersberg;62278;Vorau;01.01.2015;Zusammenlegung
62239;Rohr bei Hartberg;62276;Rohr bei Hartberg;01.01.2015;Zusammenlegung
62240;Rohrbach an der Lafnitz;62277;Rohrbach an der Lafnitz;01.01.2015;Zusammenlegung
62241;Saifen-Boden;62275;Pöllau;01.01.2015;Zusammenlegung
62243;Sankt Johann bei Herberstein ;62266;Feistritztal;01.01.2015;Zusammenlegung
62246;Schachen bei Vorau;62278;Vorau;01.01.2015;Zusammenlegung
62248;Schlag bei Thalberg (Teil);62265;Dechantskirchen;01.01.2015;Zusammenlegung
62248;Schlag bei Thalberg (Teil);62277;Rohrbach an der Lafnitz;01.01.2015;Zusammenlegung
62249;Schönegg bei Pöllau;62275;Pöllau;01.01.2015;Zusammenlegung
62250;Sebersdorf;62264;Bad Waltersdorf;01.01.2015;Zusammenlegung
62251;Siegersdorf bei Herberstein;62266;Feistritztal;01.01.2015;Zusammenlegung
62252;Söchau;62280;Fürstenfeld;01.01.2025;Zusammenlegung
62253;Sonnhofen;62275;Pöllau;01.01.2015;Zusammenlegung
62254;Stambach;62268;Grafendorf bei Hartberg;01.01.2015;Zusammenlegung
62255;Stein;62273;Loipersdorf bei Fürstenfeld;01.01.2015;Zusammenlegung
62257;Tiefenbach bei Kaindorf;62270;Hartl;01.01.2015;Zusammenlegung
62258;Übersbach;62267;Fürstenfeld;01.01.2015;Zusammenlegung
62259;Vorau;62278;Vorau;01.01.2015;Zusammenlegung
62260;Vornholz;62278;Vorau;01.01.2015;Zusammenlegung
62261;Waldbach;62279;Waldbach-Mönichwald;01.01.2015;Zusammenlegung
62263;Wörth an der Lafnitz;62276;Rohr bei Hartberg;01.01.2015;Zusammenlegung
62267;Fürstenfeld;62280;Fürstenfeld;01.01.2025;Zusammenlegung
62301;Auersbach;62379;Feldbach;01.01.2015;Zusammenlegung
62302;Aug-Radisch;62380;Gnas;01.01.2015;Zusammenlegung
62303;Bad Gleichenberg;62375;Bad Gleichenberg;01.01.2015;Zusammenlegung
62304;Bad Radkersburg;62376;Bad Radkersburg;01.01.2015;Zusammenlegung
62305;Bairisch Kölldorf;62375;Bad Gleichenberg;01.01.2015;Zusammenlegung
62306;Baumgarten bei Gnas;62380;Gnas;01.01.2015;Zusammenlegung
62307;Bierbaum am Auersbach;62388;Sankt Peter am Ottersbach;02.01.2015;Zusammenlegung
62308;Breitenfeld an der Rittschein;62386;Riegersburg;01.01.2015;Zusammenlegung
62309;Deutsch Goritz;62377;Deutsch Goritz;01.01.2015;Zusammenlegung
62310;Dietersdorf am Gnasbach;62388;Sankt Peter am Ottersbach;03.01.2015;Zusammenlegung
62312;Edelstauden;62385;Pirching am Traubenberg;01.01.2015;Zusammenlegung
62313;Eichfeld;62383;Mureck;01.01.2015;Zusammenlegung
62315;Fehring;62378;Fehring;01.01.2015;Zusammenlegung
62316;Feldbach;62379;Feldbach;01.01.2015;Zusammenlegung
62317;Fladnitz im Raabtal;62382;Kirchberg an der Raab;01.01.2015;Zusammenlegung
62318;Frannach;62385;Pirching am Traubenberg;01.01.2015;Zusammenlegung
62319;Frutten-Gießelsdorf;62387;Sankt Anna am Aigen;01.01.2015;Zusammenlegung
62320;Glojach;62389;Sankt Stefan im Rosental;01.01.2015;Zusammenlegung
62321;Gnas;62380;Gnas;01.01.2015;Zusammenlegung
62322;Gniebing-Weißenbach;62379;Feldbach;01.01.2015;Zusammenlegung
62323;Gosdorf;62383;Mureck;01.01.2015;Zusammenlegung
62324;Gossendorf;62379;Feldbach;01.01.2015;Zusammenlegung
62325;Grabersdorf;62380;Gnas;01.01.2015;Zusammenlegung
62327;Hatzendorf;62378;Fehring;01.01.2015;Zusammenlegung
62328;Hof bei Straden;62390;Straden;01.01.2015;Zusammenlegung
62329;Hohenbrugg-Weinberg;62378;Fehring;01.01.2015;Zusammenlegung
62331;Johnsdorf-Brunn;62378;Fehring;01.01.2015;Zusammenlegung
62333;Kirchbach in der Steiermark;62381;Kirchbach in der Steiermark;01.01.2015;Zusammenlegung
62334;Kirchberg an der Raab;62382;Kirchberg an der Raab;01.01.2015;Zusammenlegung
62336;Kohlberg (Teil);62380;Gnas;01.01.2015;Zusammenlegung
62336;Kohlberg (Teil);62384;Paldau;01.01.2015;Zusammenlegung
62337;Kornberg bei Riegersburg;62386;Riegersburg;01.01.2015;Zusammenlegung
62338;Krusdorf;62390;Straden;01.01.2015;Zusammenlegung
62339;Leitersdorf im Raabtal;62379;Feldbach;01.01.2015;Zusammenlegung
62340;Lödersdorf;62386;Riegersburg;01.01.2015;Zusammenlegung
62341;Maierdorf;62380;Gnas;01.01.2015;Zusammenlegung
62342;Merkendorf;62375;Bad Gleichenberg;01.01.2015;Zusammenlegung
62344;Mitterlabill ;61057;Schwarzautal ;01.01.2015;Zusammenlegung
62345;Mühldorf bei Feldbach;62379;Feldbach;01.01.2015;Zusammenlegung
62346;Mureck;62383;Mureck;01.01.2015;Zusammenlegung
62347;Murfeld (Rest);61060;Sankt Veit in der Südsteiermark;01.01.2020;Zusammenlegung
62347;Murfeld (KG Seibersdorf bei St. Veit);61060;Sankt Veit in der Südsteiermark;01.01.2020;Teilung
62347;Murfeld;61061;Straß in Steiermark;01.01.2020;Zusammenlegung
62347;Murfeld;61061;Straß in Steiermark;01.01.2020;Teilung
62348;Oberdorf am Hochegg;62382;Kirchberg an der Raab;01.01.2015;Zusammenlegung
62349;Oberstorcha (Teil);62382;Kirchberg an der Raab;01.01.2015;Zusammenlegung
62349;Oberstorcha (Teil);62384;Paldau;01.01.2015;Zusammenlegung
62350;Paldau;62384;Paldau;01.01.2015;Zusammenlegung
62351;Perlsdorf;62384;Paldau;01.01.2015;Zusammenlegung
62352;Pertlstein;62378;Fehring;01.01.2015;Zusammenlegung
62353;Petersdorf II;60668;Sankt Marein bei Graz;01.01.2015;Zusammenlegung
62354;Pirching am Traubenberg;62385;Pirching am Traubenberg;01.01.2015;Zusammenlegung
62355;Poppendorf;62380;Gnas;01.01.2015;Zusammenlegung
62356;Raabau;62379;Feldbach;01.01.2015;Zusammenlegung
62357;Radkersburg Umgebung;62376;Bad Radkersburg;01.01.2015;Zusammenlegung
62358;Raning;62380;Gnas;01.01.2015;Zusammenlegung
62359;Ratschendorf;62377;Deutsch Goritz;01.01.2015;Zusammenlegung
62360;Riegersburg;62386;Riegersburg;01.01.2015;Zusammenlegung
62361;Sankt Anna am Aigen;62387;Sankt Anna am Aigen;01.01.2015;Zusammenlegung
62362;Sankt Peter am Ottersbach;62388;Sankt Peter am Ottersbach;01.01.2015;Zusammenlegung
62363;Sankt Stefan im Rosental;62389;Sankt Stefan im Rosental;01.01.2015;Zusammenlegung
62364;Schwarzau im Schwarzautal ;61057;Schwarzautal ;01.01.2015;Zusammenlegung
62365;Stainz bei Straden;62390;Straden;01.01.2015;Zusammenlegung
62366;Straden;62390;Straden;01.01.2015;Zusammenlegung
62367;Studenzen;62382;Kirchberg an der Raab;01.01.2015;Zusammenlegung
62369;Trautmannsdorf in Oststeiermark;62375;Bad Gleichenberg;01.01.2015;Zusammenlegung
62370;Trössing;62380;Gnas;01.01.2015;Zusammenlegung
62371;Unterauersbach;62380;Gnas;01.01.2015;Zusammenlegung
62373;Weinburg am Saßbach ;61056;Sankt Veit in der Südsteiermark;01.01.2015;Zusammenlegung
62374;Zerlach;62381;Kirchbach in der Steiermark;01.01.2015;Zusammenlegung
70327;Matrei am Brenner;70370;Matrei am Brenner;01.01.2022;Zusammenlegung
70330;Mühlbachl;70370;Matrei am Brenner;01.01.2022;Zusammenlegung
70341;Pfons;70370;Matrei am Brenner;01.01.2022;Zusammenlegung
Q: STATISTIK AUSTRIA. Erstellt am: 25.02.2026;;;;;
;;;;;
